Name	Sequence
A01	AACGTGAT
B01	AAACATCG
C01	ATGCCTAA
D01	AGTGGTCA
E01	ACCACTGT
F01	ACATTGGC
G01	CAGATCTG
H01	CATCAAGT
A02	CGCTGATC
B02	ACAAGCTA
C02	CTGTAGCC
D02	AGTACAAG
E02	AACAACCA
F02	AACCGAGA
G02	AACGCTTA
H02	AAGACGGA
A03	AAGGTACA
B03	ACACAGAA
C03	ACAGCAGA
D03	ACCTCCAA
E03	ACGCTCGA
F03	ACGTATCA
G03	ACTATGCA
H03	AGAGTCAA
A04	AGATCGCA
B04	AGCAGGAA
C04	AGTCACTA
D04	ATCCTGTA
E04	ATTGAGGA
F04	CAACCACA
G04	GACTAGTA
H04	CAATGGAA
A05	CACTTCGA
B05	CAGCGTTA
C05	CATACCAA
D05	CCAGTTCA
E05	CCGAAGTA
F05	CCGTGAGA
G05	CCTCCTGA
H05	CGAACTTA
A06	CGACTGGA
B06	CGCATACA
C06	CTCAATGA
D06	CTGAGCCA
E06	CTGGCATA
F06	GAATCTGA
G06	CAAGACTA
H06	GAGCTGAA
A07	GATAGACA
B07	GCCACATA
C07	GCGAGTAA
D07	GCTAACGA
E07	GCTCGGTA
F07	GGAGAACA
G07	GGTGCGAA
H07	GTACGCAA
A08	GTCGTAGA
B08	GTCTGTCA
C08	GTGTTCTA
D08	TAGGATGA
E08	TATCAGCA
F08	TCCGTCTA
G08	TCTTCACA
H08	TGAAGAGA
A09	TGGAACAA
B09	TGGCTTCA
C09	TGGTGGTA
D09	TTCACGCA
E09	AACTCACC
F09	AAGAGATC
G09	AAGGACAC
H09	AATCCGTC
3.A10	AATGTTGC
3.B10	ACACGACC
3.C10	ACAGATTC
3.D10	AGATGTAC
3.E10	AGCACCTC
3.F10	AGCCATGC
3.G10	AGGCTAAC
3.H10	ATAGCGAC
3.A11	ATCATTCC
3.B11	ATTGGCTC
3.C11	CAAGGAGC
3.D11	CACCTTAC
3.E11	CCATCCTC
3.F11	CCGACAAC
3.G11	CCTAATCC
3.H11	CCTCTATC
3.A12	CGACACAC
3.B12	CGGATTGC
3.C12	CTAAGGTC
3.D12	GAACAGGC
3.E12	GACAGTGC
3.F12	GAGTTAGC
3.G12	GATGAATC
3.H12	GCCAAGAC
